,URLs
0,https://www.onthehouse.com.au/property/vic/carnegie-3163/2-92-mimosa-rd-carnegie-vic-3163-20476186
3,https://www.onthehouse.com.au/property/vic/carnegie-3163/5-98--100-neville-st-carnegie-vic-3163-16175761
6,https://www.onthehouse.com.au/property/vic/carnegie-3163/3-28-belsize-ave-carnegie-vic-3163-18858344
9,https://www.onthehouse.com.au/property/vic/carnegie-3163/2a-madden-ave-carnegie-vic-3163-9401207
12,https://www.onthehouse.com.au/property/vic/carnegie-3163/3-32-madden-ave-carnegie-vic-3163-7221268
15,https://www.onthehouse.com.au/property/vic/carnegie-3163/3-49-murrumbeena-rd-carnegie-vic-3163-10791810
18,https://www.onthehouse.com.au/property/vic/carnegie-3163/1118-dandenong-rd-carnegie-vic-3163-7593556
21,https://www.onthehouse.com.au/property/vic/carnegie-3163/8-82-coorigil-rd-carnegie-vic-3163-7078612
24,https://www.onthehouse.com.au/property/vic/carnegie-3163/2-21-madden-ave-carnegie-vic-3163-7155696
27,https://www.onthehouse.com.au/property/vic/carnegie-3163/3-93-truganini-rd-carnegie-vic-3163-20652228
30,https://www.onthehouse.com.au/property/vic/carnegie-3163/3-17-elizabeth-cres-carnegie-vic-3163-7866067
33,https://www.onthehouse.com.au/property/vic/carnegie-3163/7-4-kokaribb-rd-carnegie-vic-3163-9376253
36,https://www.onthehouse.com.au/property/vic/carnegie-3163/5-14-elliott-ave-carnegie-vic-3163-39918271
39,https://www.onthehouse.com.au/property/vic/carnegie-3163/23-buckley-st-carnegie-vic-3163-6495896
42,https://www.onthehouse.com.au/property/vic/carnegie-3163/1-29-oakleigh-rd-carnegie-vic-3163-6496484
45,https://www.onthehouse.com.au/property/vic/carnegie-3163/62-neville-st-carnegie-vic-3163-6496074
48,https://www.onthehouse.com.au/property/vic/carnegie-3163/106-25-truganini-rd-carnegie-vic-3163-19494707
51,https://www.onthehouse.com.au/property/vic/carnegie-3163/11-byron-st-carnegie-vic-3163-7342169
54,https://www.onthehouse.com.au/property/vic/carnegie-3163/1-16-milton-st-carnegie-vic-3163-9559281
57,https://www.onthehouse.com.au/property/vic/carnegie-3163/24-grandview-gr-carnegie-vic-3163-19602630
60,https://www.onthehouse.com.au/property/vic/carnegie-3163/9-reserve-ave-carnegie-vic-3163-7277102
63,https://www.onthehouse.com.au/property/vic/carnegie-3163/102-25-truganini-rd-carnegie-vic-3163-19494657
66,https://www.onthehouse.com.au/property/vic/carnegie-3163/1-blackwood-st-carnegie-vic-3163-7199355
69,https://www.onthehouse.com.au/property/vic/carnegie-3163/418-1060-dandenong-rd-carnegie-vic-3163-39801864
144,https://www.onthehouse.com.au/property/vic/carnegie-3163/203-9-morton-ave-carnegie-vic-3163-18990171
147,https://www.onthehouse.com.au/property/vic/carnegie-3163/214-112-mimosa-rd-carnegie-vic-3163-20286913
150,https://www.onthehouse.com.au/property/vic/carnegie-3163/2-12-yendon-rd-carnegie-vic-3163-6496522
153,https://www.onthehouse.com.au/property/vic/carnegie-3163/37-oakdene-cres-carnegie-vic-3163-10144179
156,https://www.onthehouse.com.au/property/vic/carnegie-3163/4-33--35-toolambool-rd-carnegie-vic-3163-11145349
159,https://www.onthehouse.com.au/property/vic/carnegie-3163/101-9-morton-ave-carnegie-vic-3163-5951539
162,https://www.onthehouse.com.au/property/vic/carnegie-3163/3-69-tranmere-ave-carnegie-vic-3163-7161269
165,https://www.onthehouse.com.au/property/vic/carnegie-3163/3-1-buckley-st-carnegie-vic-3163-6497699
168,https://www.onthehouse.com.au/property/vic/carnegie-3163/109-14-maroona-rd-carnegie-vic-3163-19901388
171,https://www.onthehouse.com.au/property/vic/carnegie-3163/8-coorigil-rd-carnegie-vic-3163-5970580
174,https://www.onthehouse.com.au/property/vic/carnegie-3163/100-mimosa-rd-carnegie-vic-3163-7344641
177,https://www.onthehouse.com.au/property/vic/carnegie-3163/4-10--12-moonya-rd-carnegie-vic-3163-13129896
180,https://www.onthehouse.com.au/property/vic/carnegie-3163/24b-coling-ave-carnegie-vic-3163-39496644
183,https://www.onthehouse.com.au/property/vic/carnegie-3163/2-78-moonya-rd-carnegie-vic-3163-18921787
186,https://www.onthehouse.com.au/property/vic/carnegie-3163/10-lyons-st-carnegie-vic-3163-9280674
189,https://www.onthehouse.com.au/property/vic/carnegie-3163/109-1060-dandenong-rd-carnegie-vic-3163-39015934
192,https://www.onthehouse.com.au/property/vic/carnegie-3163/501-16-woorayl-st-carnegie-vic-3163-20960769
195,https://www.onthehouse.com.au/property/vic/carnegie-3163/1a-grandview-gr-carnegie-vic-3163-9148508
198,https://www.onthehouse.com.au/property/vic/carnegie-3163/4-35-rosstown-rd-carnegie-vic-3163-5959516
201,https://www.onthehouse.com.au/property/vic/carnegie-3163/3-134-grange-rd-carnegie-vic-3163-7766358
204,https://www.onthehouse.com.au/property/vic/carnegie-3163/13-chestnut-st-carnegie-vic-3163-7738900
207,https://www.onthehouse.com.au/property/vic/carnegie-3163/34-mimosa-rd-carnegie-vic-3163-7923861
210,https://www.onthehouse.com.au/property/vic/carnegie-3163/101a-oakleigh-rd-carnegie-vic-3163-19886520
213,https://www.onthehouse.com.au/property/vic/carnegie-3163/503-16-woorayl-st-carnegie-vic-3163-20967465
288,https://www.onthehouse.com.au/property/vic/carnegie-3163/301-6-morton-ave-carnegie-vic-3163-16197920
291,https://www.onthehouse.com.au/property/vic/carnegie-3163/2-patterson-st-carnegie-vic-3163-9377578
294,https://www.onthehouse.com.au/property/vic/carnegie-3163/36-elimatta-rd-carnegie-vic-3163-9441757
297,https://www.onthehouse.com.au/property/vic/carnegie-3163/15-elimatta-rd-carnegie-vic-3163-20188637
300,https://www.onthehouse.com.au/property/vic/carnegie-3163/44-holywood-gr-carnegie-vic-3163-4864687
303,https://www.onthehouse.com.au/property/vic/carnegie-3163/4-16-jersey-pde-carnegie-vic-3163-7229601
306,https://www.onthehouse.com.au/property/vic/carnegie-3163/6-67-coorigil-rd-carnegie-vic-3163-7886666
309,https://www.onthehouse.com.au/property/vic/carnegie-3163/2-194-neerim-rd-carnegie-vic-3163-6497419
312,https://www.onthehouse.com.au/property/vic/carnegie-3163/lot-17-jersey-pde-carnegie-vic-3163-40501786
315,https://www.onthehouse.com.au/property/vic/carnegie-3163/812-1060-dandenong-rd-carnegie-vic-3163-40161527
318,https://www.onthehouse.com.au/property/vic/carnegie-3163/1148-dandenong-rd-carnegie-vic-3163-39057771
321,https://www.onthehouse.com.au/property/vic/carnegie-3163/2-56-coorigil-rd-carnegie-vic-3163-7286415
324,https://www.onthehouse.com.au/property/vic/carnegie-3163/9-177--179-koornang-rd-carnegie-vic-3163-9148507
327,https://www.onthehouse.com.au/property/vic/carnegie-3163/139-leila-rd-carnegie-vic-3163-7401970
330,https://www.onthehouse.com.au/property/vic/carnegie-3163/7a-rosanna-st-carnegie-vic-3163-40134860
333,https://www.onthehouse.com.au/property/vic/carnegie-3163/8-23-elliott-ave-carnegie-vic-3163-7805845
336,https://www.onthehouse.com.au/property/vic/carnegie-3163/501-2-morton-ave-carnegie-vic-3163-19513098
339,https://www.onthehouse.com.au/property/vic/carnegie-3163/203-330-neerim-rd-carnegie-vic-3163-19523775
342,https://www.onthehouse.com.au/property/vic/carnegie-3163/220-grange-rd-carnegie-vic-3163-7925760
345,https://www.onthehouse.com.au/property/vic/carnegie-3163/13-17-shepparson-ave-carnegie-vic-3163-13607524
348,https://www.onthehouse.com.au/property/vic/carnegie-3163/22-kingsley-pde-carnegie-vic-3163-7911976
351,https://www.onthehouse.com.au/property/vic/carnegie-3163/5-yendon-rd-carnegie-vic-3163-4938982
354,https://www.onthehouse.com.au/property/vic/carnegie-3163/4-336-neerim-rd-carnegie-vic-3163-12120709
357,https://www.onthehouse.com.au/property/vic/carnegie-3163/212-285-neerim-rd-carnegie-vic-3163-41759750
432,https://www.onthehouse.com.au/property/vic/carnegie-3163/303-16-woorayl-st-carnegie-vic-3163-20971448
435,https://www.onthehouse.com.au/property/vic/carnegie-3163/2-54-coorigil-rd-carnegie-vic-3163-7389818
438,https://www.onthehouse.com.au/property/vic/carnegie-3163/305-6-morton-ave-carnegie-vic-3163-15936859
441,https://www.onthehouse.com.au/property/vic/carnegie-3163/105-180-koornang-rd-carnegie-vic-3163-20558633
444,https://www.onthehouse.com.au/property/vic/carnegie-3163/1006-1060-dandenong-rd-carnegie-vic-3163-38977616
447,https://www.onthehouse.com.au/property/vic/carnegie-3163/305-21-belsize-ave-carnegie-vic-3163-20047859
450,https://www.onthehouse.com.au/property/vic/carnegie-3163/7-31-moonya-rd-carnegie-vic-3163-6023798
453,https://www.onthehouse.com.au/property/vic/carnegie-3163/9-314-neerim-rd-carnegie-vic-3163-10017394
456,https://www.onthehouse.com.au/property/vic/carnegie-3163/2-seymour-ave-carnegie-vic-3163-7830147
459,https://www.onthehouse.com.au/property/vic/carnegie-3163/7-mernda-ave-carnegie-vic-3163-6495988
462,https://www.onthehouse.com.au/property/vic/carnegie-3163/4-16-emily-st-carnegie-vic-3163-9515906
465,https://www.onthehouse.com.au/property/vic/carnegie-3163/20-huntingfield-ct-carnegie-vic-3163-9590444
468,https://www.onthehouse.com.au/property/vic/carnegie-3163/305-247-neerim-rd-carnegie-vic-3163-20020478
471,https://www.onthehouse.com.au/property/vic/carnegie-3163/22-1162--1164-dandenong-rd-carnegie-vic-3163-7985993
474,https://www.onthehouse.com.au/property/vic/carnegie-3163/16-6-newman-ave-carnegie-vic-3163-5745298
477,https://www.onthehouse.com.au/property/vic/carnegie-3163/23-el-nido-gr-carnegie-vic-3163-9336826
480,https://www.onthehouse.com.au/property/vic/carnegie-3163/lot-32-newman-ave-carnegie-vic-3163-40678238
483,https://www.onthehouse.com.au/property/vic/carnegie-3163/6-67--69-moonya-rd-carnegie-vic-3163-10676623
486,https://www.onthehouse.com.au/property/vic/carnegie-3163/5-4-rigby-ave-carnegie-vic-3163-7323893
489,https://www.onthehouse.com.au/property/vic/carnegie-3163/lot-10-rigby-ave-carnegie-vic-3163-40395101
492,https://www.onthehouse.com.au/property/vic/carnegie-3163/307-9-morton-ave-carnegie-vic-3163-16195654
495,https://www.onthehouse.com.au/property/vic/carnegie-3163/114-9-morton-ave-carnegie-vic-3163-15845665
498,https://www.onthehouse.com.au/property/vic/carnegie-3163/3-park-view-dr-carnegie-vic-3163-12966351
501,https://www.onthehouse.com.au/property/vic/carnegie-3163/5-11-rosstown-rd-carnegie-vic-3163-7324223
576,https://www.onthehouse.com.au/property/vic/carnegie-3163/5-park-view-dr-carnegie-vic-3163-12932009
579,https://www.onthehouse.com.au/property/vic/carnegie-3163/108-93-truganini-rd-carnegie-vic-3163-20891839
582,https://www.onthehouse.com.au/property/vic/carnegie-3163/689-north-rd-carnegie-vic-3163-6497190
585,https://www.onthehouse.com.au/property/vic/carnegie-3163/43-gnarwyn-rd-carnegie-vic-3163-39827039
588,https://www.onthehouse.com.au/property/vic/carnegie-3163/3-44-rosstown-rd-carnegie-vic-3163-7763488
591,https://www.onthehouse.com.au/property/vic/carnegie-3163/151-oakleigh-rd-carnegie-vic-3163-9551928
594,https://www.onthehouse.com.au/property/vic/carnegie-3163/2-11-maroona-rd-carnegie-vic-3163-6496123
597,https://www.onthehouse.com.au/property/vic/carnegie-3163/103-365-neerim-rd-carnegie-vic-3163-20111792
600,https://www.onthehouse.com.au/property/vic/carnegie-3163/202-365-neerim-rd-carnegie-vic-3163-20100715
603,https://www.onthehouse.com.au/property/vic/carnegie-3163/203-365-neerim-rd-carnegie-vic-3163-20101681
606,https://www.onthehouse.com.au/property/vic/carnegie-3163/3-365-neerim-rd-carnegie-vic-3163-20104723
609,https://www.onthehouse.com.au/property/vic/carnegie-3163/1-365-neerim-rd-carnegie-vic-3163-20103916
612,https://www.onthehouse.com.au/property/vic/carnegie-3163/104-365-neerim-rd-carnegie-vic-3163-20102944
615,https://www.onthehouse.com.au/property/vic/carnegie-3163/6-4-kokaribb-rd-carnegie-vic-3163-10683187
618,https://www.onthehouse.com.au/property/vic/carnegie-3163/6-365-neerim-rd-carnegie-vic-3163-20100868
621,https://www.onthehouse.com.au/property/vic/carnegie-3163/2-365-neerim-rd-carnegie-vic-3163-20112098
624,https://www.onthehouse.com.au/property/vic/carnegie-3163/5-365-neerim-rd-carnegie-vic-3163-20112983
627,https://www.onthehouse.com.au/property/vic/carnegie-3163/106-365-neerim-rd-carnegie-vic-3163-20101485
630,https://www.onthehouse.com.au/property/vic/carnegie-3163/204-365-neerim-rd-carnegie-vic-3163-20102330
633,https://www.onthehouse.com.au/property/vic/carnegie-3163/4-365-neerim-rd-carnegie-vic-3163-20103137
636,https://www.onthehouse.com.au/property/vic/carnegie-3163/102-93-truganini-rd-carnegie-vic-3163-20652111
639,https://www.onthehouse.com.au/property/vic/carnegie-3163/48-elliott-ave-carnegie-vic-3163-7117108
642,https://www.onthehouse.com.au/property/vic/carnegie-3163/103-6-kokaribb-rd-carnegie-vic-3163-19925124
645,https://www.onthehouse.com.au/property/vic/carnegie-3163/7-1136-dandenong-rd-carnegie-vic-3163-6496722
720,https://www.onthehouse.com.au/property/vic/carnegie-3163/110-25-truganini-rd-carnegie-vic-3163-19748552
723,https://www.onthehouse.com.au/property/vic/carnegie-3163/3-19-newman-ave-carnegie-vic-3163-7543504
726,https://www.onthehouse.com.au/property/vic/carnegie-3163/4-38-munster-ave-carnegie-vic-3163-10679910
729,https://www.onthehouse.com.au/property/vic/carnegie-3163/402-1242-glen-huntly-rd-carnegie-vic-3163-39777553
732,https://www.onthehouse.com.au/property/vic/carnegie-3163/110-28-jersey-pde-carnegie-vic-3163-20302502
735,https://www.onthehouse.com.au/property/vic/carnegie-3163/1-93-oakleigh-rd-carnegie-vic-3163-9319596
738,https://www.onthehouse.com.au/property/vic/carnegie-3163/119-leila-rd-carnegie-vic-3163-7950316
741,https://www.onthehouse.com.au/property/vic/carnegie-3163/7-336-neerim-rd-carnegie-vic-3163-16529033
744,https://www.onthehouse.com.au/property/vic/carnegie-3163/109-2-morton-ave-carnegie-vic-3163-19522849
747,https://www.onthehouse.com.au/property/vic/carnegie-3163/1-truganini-rd-carnegie-vic-3163-16478916
750,https://www.onthehouse.com.au/property/vic/carnegie-3163/25-morgan-st-carnegie-vic-3163-7807255
753,https://www.onthehouse.com.au/property/vic/carnegie-3163/8-12-grange-rd-carnegie-vic-3163-7272814
756,https://www.onthehouse.com.au/property/vic/carnegie-3163/2-2-rigby-ave-carnegie-vic-3163-7377530
759,https://www.onthehouse.com.au/property/vic/carnegie-3163/2-11-rosstown-rd-carnegie-vic-3163-6497648
762,https://www.onthehouse.com.au/property/vic/carnegie-3163/254-neerim-rd-carnegie-vic-3163-9992925
765,https://www.onthehouse.com.au/property/vic/carnegie-3163/105-3-morton-ave-carnegie-vic-3163-18844348
768,https://www.onthehouse.com.au/property/vic/carnegie-3163/9-24-margaret-st-carnegie-vic-3163-7286966
771,https://www.onthehouse.com.au/property/vic/carnegie-3163/1-1271-glen-huntly-rd-carnegie-vic-3163-18904812
774,https://www.onthehouse.com.au/property/vic/carnegie-3163/lot-18-margaret-st-carnegie-vic-3163-40511353
777,https://www.onthehouse.com.au/property/vic/carnegie-3163/727-north-rd-carnegie-vic-3163-7388132
780,https://www.onthehouse.com.au/property/vic/carnegie-3163/2-37-toolambool-rd-carnegie-vic-3163-7088243
783,https://www.onthehouse.com.au/property/vic/carnegie-3163/2-69-coorigil-rd-carnegie-vic-3163-7126826
786,https://www.onthehouse.com.au/property/vic/carnegie-3163/110-110-mimosa-rd-carnegie-vic-3163-39036377
789,https://www.onthehouse.com.au/property/vic/carnegie-3163/114-405-neerim-rd-carnegie-vic-3163-20739653
864,https://www.onthehouse.com.au/property/vic/carnegie-3163/10-160-grange-rd-carnegie-vic-3163-6496500
867,https://www.onthehouse.com.au/property/vic/carnegie-3163/101-86-truganini-rd-carnegie-vic-3163-20691419
870,https://www.onthehouse.com.au/property/vic/carnegie-3163/13-5-gnarwyn-rd-carnegie-vic-3163-7902456
873,https://www.onthehouse.com.au/property/vic/carnegie-3163/6-27-elliott-ave-carnegie-vic-3163-6496066
876,https://www.onthehouse.com.au/property/vic/carnegie-3163/lot-11-elliott-ave-carnegie-vic-3163-40416287
879,https://www.onthehouse.com.au/property/vic/carnegie-3163/2-1272-glen-huntly-rd-carnegie-vic-3163-6070171
882,https://www.onthehouse.com.au/property/vic/carnegie-3163/12-10-st-huberts-rd-carnegie-vic-3163-7339345
885,https://www.onthehouse.com.au/property/vic/carnegie-3163/204-3-elliott-ave-carnegie-vic-3163-20569749
888,https://www.onthehouse.com.au/property/vic/carnegie-3163/2-6-morton-ave-carnegie-vic-3163-16194785
891,https://www.onthehouse.com.au/property/vic/carnegie-3163/203-1100-dandenong-rd-carnegie-vic-3163-20476673
894,https://www.onthehouse.com.au/property/vic/carnegie-3163/192-grange-rd-carnegie-vic-3163-7169469
897,https://www.onthehouse.com.au/property/vic/carnegie-3163/4-byron-st-carnegie-vic-3163-7397095
900,https://www.onthehouse.com.au/property/vic/carnegie-3163/110-112-mimosa-rd-carnegie-vic-3163-20337952
903,https://www.onthehouse.com.au/property/vic/carnegie-3163/2-2a-truganini-rd-carnegie-vic-3163-19971575
906,https://www.onthehouse.com.au/property/vic/carnegie-3163/3-1-madden-ave-carnegie-vic-3163-7252486
909,https://www.onthehouse.com.au/property/vic/carnegie-3163/2-186-neerim-rd-carnegie-vic-3163-6070112
912,https://www.onthehouse.com.au/property/vic/carnegie-3163/1-35-rosstown-rd-carnegie-vic-3163-5615563
915,https://www.onthehouse.com.au/property/vic/carnegie-3163/101-276-neerim-rd-carnegie-vic-3163-19595690
918,https://www.onthehouse.com.au/property/vic/carnegie-3163/107-25-truganini-rd-carnegie-vic-3163-19752070
921,https://www.onthehouse.com.au/property/vic/carnegie-3163/10-45-coorigil-rd-carnegie-vic-3163-15806161
924,https://www.onthehouse.com.au/property/vic/carnegie-3163/7-2a-frogmore-rd-carnegie-vic-3163-6497249
927,https://www.onthehouse.com.au/property/vic/carnegie-3163/7-177--179-koornang-rd-carnegie-vic-3163-11141246
930,https://www.onthehouse.com.au/property/vic/carnegie-3163/9-14-yendon-rd-carnegie-vic-3163-6496126
933,https://www.onthehouse.com.au/property/vic/carnegie-3163/3-50-leila-rd-carnegie-vic-3163-7109030
1008,https://www.onthehouse.com.au/property/vic/carnegie-3163/10-6-newman-ave-carnegie-vic-3163-5959512
1011,https://www.onthehouse.com.au/property/vic/carnegie-3163/97--99-koornang-rd-carnegie-vic-3163-40239602
1014,https://www.onthehouse.com.au/property/vic/carnegie-3163/4-34-ames-ave-carnegie-vic-3163-17399960
1017,https://www.onthehouse.com.au/property/vic/carnegie-3163/3-43-rosstown-rd-carnegie-vic-3163-16016464
1020,https://www.onthehouse.com.au/property/vic/carnegie-3163/2-71-tranmere-ave-carnegie-vic-3163-9460234
1023,https://www.onthehouse.com.au/property/vic/carnegie-3163/405-1242-glen-huntly-rd-carnegie-vic-3163-39782546
1026,https://www.onthehouse.com.au/property/vic/carnegie-3163/lot-22-poplar-gr-carnegie-vic-3163-40586301
1029,https://www.onthehouse.com.au/property/vic/carnegie-3163/4-62-moonya-rd-carnegie-vic-3163-5839118
1032,https://www.onthehouse.com.au/property/vic/carnegie-3163/5-14-st-huberts-rd-carnegie-vic-3163-5736689
1035,https://www.onthehouse.com.au/property/vic/carnegie-3163/406-1256-glen-huntly-rd-carnegie-vic-3163-42169105
1038,https://www.onthehouse.com.au/property/vic/carnegie-3163/lot-9-moonya-rd-carnegie-vic-3163-40927647
1041,https://www.onthehouse.com.au/property/vic/carnegie-3163/401-405-neerim-rd-carnegie-vic-3163-20735019
1044,https://www.onthehouse.com.au/property/vic/carnegie-3163/305-8-elliott-ave-carnegie-vic-3163-20561109
1047,https://www.onthehouse.com.au/property/vic/carnegie-3163/2-33-rosstown-rd-carnegie-vic-3163-7531206
1050,https://www.onthehouse.com.au/property/vic/carnegie-3163/48a-morgan-st-carnegie-vic-3163-20017641
1053,https://www.onthehouse.com.au/property/vic/carnegie-3163/207-14-maroona-rd-carnegie-vic-3163-19895879
1056,https://www.onthehouse.com.au/property/vic/carnegie-3163/5-reserve-ave-carnegie-vic-3163-7919158
1059,https://www.onthehouse.com.au/property/vic/carnegie-3163/7-blackwood-st-carnegie-vic-3163-9659191
1062,https://www.onthehouse.com.au/property/vic/carnegie-3163/4-39-rosstown-rd-carnegie-vic-3163-15967859
1065,https://www.onthehouse.com.au/property/vic/carnegie-3163/5-42-elliott-ave-carnegie-vic-3163-5736649
1068,https://www.onthehouse.com.au/property/vic/carnegie-3163/4-warina-rd-carnegie-vic-3163-9356813
1071,https://www.onthehouse.com.au/property/vic/carnegie-3163/5-67--69-mimosa-rd-carnegie-vic-3163-7331034
1074,https://www.onthehouse.com.au/property/vic/carnegie-3163/4-27-elliott-ave-carnegie-vic-3163-6496903
1077,https://www.onthehouse.com.au/property/vic/carnegie-3163/304-1242-glen-huntly-rd-carnegie-vic-3163-39618722
1152,https://www.onthehouse.com.au/property/vic/carnegie-3163/6-8-anzac-st-carnegie-vic-3163-7741757
1155,https://www.onthehouse.com.au/property/vic/carnegie-3163/lot-16-anzac-st-carnegie-vic-3163-40490199
1158,https://www.onthehouse.com.au/property/vic/carnegie-3163/lot-13-elliott-ave-carnegie-vic-3163-40453260
1161,https://www.onthehouse.com.au/property/vic/carnegie-3163/2-1264-glen-huntly-rd-carnegie-vic-3163-7170066
1164,https://www.onthehouse.com.au/property/vic/carnegie-3163/305-25-truganini-rd-carnegie-vic-3163-19750638
1167,https://www.onthehouse.com.au/property/vic/carnegie-3163/1-46-woornack-rd-carnegie-vic-3163-16017567
1170,https://www.onthehouse.com.au/property/vic/carnegie-3163/107-247-neerim-rd-carnegie-vic-3163-20022812
1173,https://www.onthehouse.com.au/property/vic/carnegie-3163/197-koornang-rd-carnegie-vic-3163-7205993
1176,https://www.onthehouse.com.au/property/vic/carnegie-3163/8-7-judd-st-carnegie-vic-3163-5839089
1179,https://www.onthehouse.com.au/property/vic/carnegie-3163/3-7-munro-ave-carnegie-vic-3163-6261661
1182,https://www.onthehouse.com.au/property/vic/carnegie-3163/3-34-madden-ave-carnegie-vic-3163-7221606
1185,https://www.onthehouse.com.au/property/vic/carnegie-3163/4-2-maroona-rd-carnegie-vic-3163-7127698
1188,https://www.onthehouse.com.au/property/vic/carnegie-3163/4-40-rosstown-rd-carnegie-vic-3163-7168676
1191,https://www.onthehouse.com.au/property/vic/carnegie-3163/330-koornang-rd-carnegie-vic-3163-6496986
1194,https://www.onthehouse.com.au/property/vic/carnegie-3163/6-31-moonya-rd-carnegie-vic-3163-9490836
1197,https://www.onthehouse.com.au/property/vic/carnegie-3163/3-56-mimosa-rd-carnegie-vic-3163-10684629
1200,https://www.onthehouse.com.au/property/vic/carnegie-3163/1009-1060-dandenong-rd-carnegie-vic-3163-38978431
1203,https://www.onthehouse.com.au/property/vic/carnegie-3163/2-88-mimosa-rd-carnegie-vic-3163-39564295
1206,https://www.onthehouse.com.au/property/vic/carnegie-3163/13-161-oakleigh-rd-carnegie-vic-3163-6070211
1209,https://www.onthehouse.com.au/property/vic/carnegie-3163/10-25-truganini-rd-carnegie-vic-3163-19494470
1212,https://www.onthehouse.com.au/property/vic/carnegie-3163/6-2-anzac-st-carnegie-vic-3163-17893476
1215,https://www.onthehouse.com.au/property/vic/carnegie-3163/10-87-coorigil-rd-carnegie-vic-3163-6261537
1218,https://www.onthehouse.com.au/property/vic/carnegie-3163/3-87-coorigil-rd-carnegie-vic-3163-7516481
1221,https://www.onthehouse.com.au/property/vic/carnegie-3163/7-phillips-ave-carnegie-vic-3163-7263564
1296,https://www.onthehouse.com.au/property/vic/carnegie-3163/1-15-anzac-st-carnegie-vic-3163-7417292
1299,https://www.onthehouse.com.au/property/vic/carnegie-3163/1-292-koornang-rd-carnegie-vic-3163-9486979
1302,https://www.onthehouse.com.au/property/vic/carnegie-3163/2-1a-kokaribb-rd-carnegie-vic-3163-9306560
1305,https://www.onthehouse.com.au/property/vic/carnegie-3163/1-56-mimosa-rd-carnegie-vic-3163-9357579
1308,https://www.onthehouse.com.au/property/vic/carnegie-3163/6b-wanalta-rd-carnegie-vic-3163-6496712
1311,https://www.onthehouse.com.au/property/vic/carnegie-3163/5-369-neerim-rd-carnegie-vic-3163-6261516
1314,https://www.onthehouse.com.au/property/vic/carnegie-3163/303-14-elliott-ave-carnegie-vic-3163-39616154
1317,https://www.onthehouse.com.au/property/vic/carnegie-3163/323-neerim-rd-carnegie-vic-3163-39660985
1320,https://www.onthehouse.com.au/property/vic/carnegie-3163/3-323-neerim-rd-carnegie-vic-3163-7889290
1323,https://www.onthehouse.com.au/property/vic/carnegie-3163/3-88-mimosa-rd-carnegie-vic-3163-39738364
1326,https://www.onthehouse.com.au/property/vic/carnegie-3163/515-16-woorayl-st-carnegie-vic-3163-20964239
1329,https://www.onthehouse.com.au/property/vic/carnegie-3163/114-285-neerim-rd-carnegie-vic-3163-41758579
1332,https://www.onthehouse.com.au/property/vic/carnegie-3163/113-25-truganini-rd-carnegie-vic-3163-19751472
1335,https://www.onthehouse.com.au/property/vic/carnegie-3163/2-192-neerim-rd-carnegie-vic-3163-9278132
1338,https://www.onthehouse.com.au/property/vic/carnegie-3163/19-melton-ave-carnegie-vic-3163-7583750
1341,https://www.onthehouse.com.au/property/vic/carnegie-3163/1-9--11-cosy-gum-rd-carnegie-vic-3163-16170137
1344,https://www.onthehouse.com.au/property/vic/carnegie-3163/3-207-neerim-rd-carnegie-vic-3163-7771302
1347,https://www.onthehouse.com.au/property/vic/carnegie-3163/817-1060-dandenong-rd-carnegie-vic-3163-40163764
1350,https://www.onthehouse.com.au/property/vic/carnegie-3163/23-belsize-ave-carnegie-vic-3163-6496055
1353,https://www.onthehouse.com.au/property/vic/carnegie-3163/223-1242-glen-huntly-rd-carnegie-vic-3163-39445108
1356,https://www.onthehouse.com.au/property/vic/carnegie-3163/5-78-railway-rd-carnegie-vic-3163-7542092
1359,https://www.onthehouse.com.au/property/vic/carnegie-3163/102-21-belsize-ave-carnegie-vic-3163-20109836
1362,https://www.onthehouse.com.au/property/vic/carnegie-3163/11-4-walnut-st-carnegie-vic-3163-6497229
1365,https://www.onthehouse.com.au/property/vic/carnegie-3163/99a-oakleigh-rd-carnegie-vic-3163-6496865
1440,https://www.onthehouse.com.au/property/vic/carnegie-3163/201-405-neerim-rd-carnegie-vic-3163-20741920
1443,https://www.onthehouse.com.au/property/vic/carnegie-3163/6-21-belsize-ave-carnegie-vic-3163-20104964
1446,https://www.onthehouse.com.au/property/vic/carnegie-3163/23-holywood-gr-carnegie-vic-3163-9449920
1449,https://www.onthehouse.com.au/property/vic/carnegie-3163/121-koornang-rd-carnegie-vic-3163-7444314
1452,https://www.onthehouse.com.au/property/vic/carnegie-3163/1-9-rigby-ave-carnegie-vic-3163-9520755
1455,https://www.onthehouse.com.au/property/vic/carnegie-3163/4-1292-glen-huntly-rd-carnegie-vic-3163-19585576
1458,https://www.onthehouse.com.au/property/vic/carnegie-3163/10-70-grange-rd-carnegie-vic-3163-10954362
1461,https://www.onthehouse.com.au/property/vic/carnegie-3163/2-173-oakleigh-rd-carnegie-vic-3163-6497131
1464,https://www.onthehouse.com.au/property/vic/carnegie-3163/5-14-maroona-rd-carnegie-vic-3163-19913109
1467,https://www.onthehouse.com.au/property/vic/carnegie-3163/301-253-neerim-rd-carnegie-vic-3163-20931474
1470,https://www.onthehouse.com.au/property/vic/carnegie-3163/111-1110-dandenong-rd-carnegie-vic-3163-39042290
1473,https://www.onthehouse.com.au/property/vic/carnegie-3163/318-16-woorayl-st-carnegie-vic-3163-20971856
1476,https://www.onthehouse.com.au/property/vic/carnegie-3163/210-3-elliott-ave-carnegie-vic-3163-20558576
1479,https://www.onthehouse.com.au/property/vic/carnegie-3163/709-16-woorayl-st-carnegie-vic-3163-20964662
1482,https://www.onthehouse.com.au/property/vic/carnegie-3163/5-14-tranmere-ave-carnegie-vic-3163-42059016
1485,https://www.onthehouse.com.au/property/vic/carnegie-3163/22-huntingfield-ct-carnegie-vic-3163-9600024
1488,https://www.onthehouse.com.au/property/vic/carnegie-3163/5-gilbert-gr-carnegie-vic-3163-9665250
1491,https://www.onthehouse.com.au/property/vic/carnegie-3163/6-12-maroona-rd-carnegie-vic-3163-10710960
1494,https://www.onthehouse.com.au/property/vic/carnegie-3163/4-1-rosstown-rd-carnegie-vic-3163-7160281
1497,https://www.onthehouse.com.au/property/vic/carnegie-3163/2a-porter-rd-carnegie-vic-3163-7554790
1500,https://www.onthehouse.com.au/property/vic/carnegie-3163/lot-11-maroona-rd-carnegie-vic-3163-40418207
1503,https://www.onthehouse.com.au/property/vic/carnegie-3163/3-8-anzac-st-carnegie-vic-3163-6070149
1506,https://www.onthehouse.com.au/property/vic/carnegie-3163/5-9--13-poplar-gr-carnegie-vic-3163-39974953
1509,https://www.onthehouse.com.au/property/vic/carnegie-3163/lot-21-anzac-st-carnegie-vic-3163-40572473
1584,https://www.onthehouse.com.au/property/vic/carnegie-3163/10-15-poplar-gr-carnegie-vic-3163-6497540
1587,https://www.onthehouse.com.au/property/vic/carnegie-3163/44-tranmere-ave-carnegie-vic-3163-9554165
1590,https://www.onthehouse.com.au/property/vic/carnegie-3163/304-25-truganini-rd-carnegie-vic-3163-19512105
1593,https://www.onthehouse.com.au/property/vic/carnegie-3163/9-16-jersey-pde-carnegie-vic-3163-18990576
1596,https://www.onthehouse.com.au/property/vic/carnegie-3163/lot-12-jersey-pde-carnegie-vic-3163-40437565
1599,https://www.onthehouse.com.au/property/vic/carnegie-3163/302-21-belsize-ave-carnegie-vic-3163-20110010
1602,https://www.onthehouse.com.au/property/vic/carnegie-3163/103-286-neerim-rd-carnegie-vic-3163-17870736
1605,https://www.onthehouse.com.au/property/vic/carnegie-3163/36a-rosanna-st-carnegie-vic-3163-5835337
1608,https://www.onthehouse.com.au/property/vic/carnegie-3163/1-373-neerim-rd-carnegie-vic-3163-6496064
1611,https://www.onthehouse.com.au/property/vic/carnegie-3163/373-neerim-rd-carnegie-vic-3163-39725939
1614,https://www.onthehouse.com.au/property/vic/carnegie-3163/4-13-st-huberts-rd-carnegie-vic-3163-7384988
1617,https://www.onthehouse.com.au/property/vic/carnegie-3163/4-patterson-st-carnegie-vic-3163-9597813
1620,https://www.onthehouse.com.au/property/vic/carnegie-3163/4-21-shepparson-ave-carnegie-vic-3163-7159712
1623,https://www.onthehouse.com.au/property/vic/carnegie-3163/2-1-murrumbeena-rd-carnegie-vic-3163-8040632
1626,https://www.onthehouse.com.au/property/vic/carnegie-3163/205-3-elliott-ave-carnegie-vic-3163-20567568
1629,https://www.onthehouse.com.au/property/vic/carnegie-3163/1038a-dandenong-rd-carnegie-vic-3163-10145775
1632,https://www.onthehouse.com.au/property/vic/carnegie-3163/1036a-dandenong-rd-carnegie-vic-3163-9354871
1635,https://www.onthehouse.com.au/property/vic/carnegie-3163/2-20-anzac-st-carnegie-vic-3163-6261549
1638,https://www.onthehouse.com.au/property/vic/carnegie-3163/lot-10-anzac-st-carnegie-vic-3163-40390441
1641,https://www.onthehouse.com.au/property/vic/carnegie-3163/206-285-neerim-rd-carnegie-vic-3163-41759642
1644,https://www.onthehouse.com.au/property/vic/carnegie-3163/2-405-neerim-rd-carnegie-vic-3163-20751353
1647,https://www.onthehouse.com.au/property/vic/carnegie-3163/2-246-grange-rd-carnegie-vic-3163-7270164
1650,https://www.onthehouse.com.au/property/vic/carnegie-3163/3-389-neerim-rd-carnegie-vic-3163-19700586
1653,https://www.onthehouse.com.au/property/vic/carnegie-3163/6-48-moonya-rd-carnegie-vic-3163-7520646
1728,https://www.onthehouse.com.au/property/vic/carnegie-3163/1-19-gnarwyn-rd-carnegie-vic-3163-7889811
1731,https://www.onthehouse.com.au/property/vic/carnegie-3163/308-2-morton-ave-carnegie-vic-3163-19511779
1734,https://www.onthehouse.com.au/property/vic/carnegie-3163/21-1162--1164-dandenong-rd-carnegie-vic-3163-7985992
1737,https://www.onthehouse.com.au/property/vic/carnegie-3163/8-184-neerim-rd-carnegie-vic-3163-7433952
1740,https://www.onthehouse.com.au/property/vic/carnegie-3163/110-3-elliott-ave-carnegie-vic-3163-20572567
1743,https://www.onthehouse.com.au/property/vic/carnegie-3163/103-16-woorayl-st-carnegie-vic-3163-20965185
1746,https://www.onthehouse.com.au/property/vic/carnegie-3163/203-1b-kokaribb-rd-carnegie-vic-3163-20736646
1749,https://www.onthehouse.com.au/property/vic/carnegie-3163/105-247-neerim-rd-carnegie-vic-3163-20020815
1752,https://www.onthehouse.com.au/property/vic/carnegie-3163/207-25-truganini-rd-carnegie-vic-3163-19498627
1755,https://www.onthehouse.com.au/property/vic/carnegie-3163/11-1298-glen-huntly-rd-carnegie-vic-3163-20650375
1758,https://www.onthehouse.com.au/property/vic/carnegie-3163/306-285-neerim-rd-carnegie-vic-3163-41760560
1761,https://www.onthehouse.com.au/property/vic/carnegie-3163/315-1242-glen-huntly-rd-carnegie-vic-3163-39644148
1764,https://www.onthehouse.com.au/property/vic/carnegie-3163/55-tranmere-ave-carnegie-vic-3163-6261511
1767,https://www.onthehouse.com.au/property/vic/carnegie-3163/6-2-grandview-gr-carnegie-vic-3163-7237335
1770,https://www.onthehouse.com.au/property/vic/carnegie-3163/lot-13-grandview-gr-carnegie-vic-3163-40453679
1773,https://www.onthehouse.com.au/property/vic/carnegie-3163/2-281-koornang-rd-carnegie-vic-3163-7891152
1776,https://www.onthehouse.com.au/property/vic/carnegie-3163/2a-kokaribb-rd-carnegie-vic-3163-5731060
1779,https://www.onthehouse.com.au/property/vic/carnegie-3163/2-40-railway-rd-carnegie-vic-3163-7274928
1782,https://www.onthehouse.com.au/property/vic/carnegie-3163/2-45-coorigil-rd-carnegie-vic-3163-6069971
1785,https://www.onthehouse.com.au/property/vic/carnegie-3163/lot-14-coorigil-rd-carnegie-vic-3163-40466923
1788,https://www.onthehouse.com.au/property/vic/carnegie-3163/2-31-wanalta-rd-carnegie-vic-3163-39467169
1791,https://www.onthehouse.com.au/property/vic/carnegie-3163/28-hunter-st-carnegie-vic-3163-9975055
1794,https://www.onthehouse.com.au/property/vic/carnegie-3163/103-330-neerim-rd-carnegie-vic-3163-19518880
1797,https://www.onthehouse.com.au/property/vic/carnegie-3163/104-93-truganini-rd-carnegie-vic-3163-20652241
1872,https://www.onthehouse.com.au/property/vic/carnegie-3163/200-neerim-rd-carnegie-vic-3163-8333422
1875,https://www.onthehouse.com.au/property/vic/carnegie-3163/14-3-elliott-ave-carnegie-vic-3163-20560989
1878,https://www.onthehouse.com.au/property/vic/carnegie-3163/8-9--13-poplar-gr-carnegie-vic-3163-40190883
1881,https://www.onthehouse.com.au/property/vic/carnegie-3163/107-276-neerim-rd-carnegie-vic-3163-19790125
1884,https://www.onthehouse.com.au/property/vic/carnegie-3163/1-55-mimosa-rd-carnegie-vic-3163-7157604
1887,https://www.onthehouse.com.au/property/vic/carnegie-3163/lot-11-mimosa-rd-carnegie-vic-3163-40418451
1890,https://www.onthehouse.com.au/property/vic/carnegie-3163/1-3-kokaribb-rd-carnegie-vic-3163-10682713
1893,https://www.onthehouse.com.au/property/vic/carnegie-3163/9-3-kokaribb-rd-carnegie-vic-3163-10688954
1896,https://www.onthehouse.com.au/property/vic/carnegie-3163/303-3-morton-ave-carnegie-vic-3163-18858905
1899,https://www.onthehouse.com.au/property/vic/carnegie-3163/lot-18-kokaribb-rd-carnegie-vic-3163-40511133
1902,https://www.onthehouse.com.au/property/vic/carnegie-3163/9-29-jersey-pde-carnegie-vic-3163-41636722
1905,https://www.onthehouse.com.au/property/vic/carnegie-3163/7-26-moonya-rd-carnegie-vic-3163-5745299
1908,https://www.onthehouse.com.au/property/vic/carnegie-3163/6-92-mimosa-rd-carnegie-vic-3163-20486178
1911,https://www.onthehouse.com.au/property/vic/carnegie-3163/1-33-rosstown-rd-carnegie-vic-3163-7815718
1914,https://www.onthehouse.com.au/property/vic/carnegie-3163/4-1170-dandenong-rd-carnegie-vic-3163-20991516
1917,https://www.onthehouse.com.au/property/vic/carnegie-3163/12-161a-oakleigh-rd-carnegie-vic-3163-7205154
1920,https://www.onthehouse.com.au/property/vic/carnegie-3163/104-16-tranmere-ave-carnegie-vic-3163-20074774
1923,https://www.onthehouse.com.au/property/vic/carnegie-3163/28-grange-rd-carnegie-vic-3163-6497075
1926,https://www.onthehouse.com.au/property/vic/carnegie-3163/203-16-tranmere-ave-carnegie-vic-3163-20074912
1929,https://www.onthehouse.com.au/property/vic/carnegie-3163/144-koornang-rd-carnegie-vic-3163-8043307
1932,https://www.onthehouse.com.au/property/vic/carnegie-3163/10-389-neerim-rd-carnegie-vic-3163-19699915
1935,https://www.onthehouse.com.au/property/vic/carnegie-3163/1-33-madden-ave-carnegie-vic-3163-6070038
1938,https://www.onthehouse.com.au/property/vic/carnegie-3163/9-194-neerim-rd-carnegie-vic-3163-7108184
1941,https://www.onthehouse.com.au/property/vic/carnegie-3163/4-369-neerim-rd-carnegie-vic-3163-6496466
2016,https://www.onthehouse.com.au/property/vic/carnegie-3163/6-9-maroona-rd-carnegie-vic-3163-9406062
2019,https://www.onthehouse.com.au/property/vic/carnegie-3163/5b-grandview-gr-carnegie-vic-3163-18821214
2022,https://www.onthehouse.com.au/property/vic/carnegie-3163/1-8-newman-ave-carnegie-vic-3163-7300480
2025,https://www.onthehouse.com.au/property/vic/carnegie-3163/3-93-oakleigh-rd-carnegie-vic-3163-10696947
2028,https://www.onthehouse.com.au/property/vic/carnegie-3163/206-1298-glen-huntly-rd-carnegie-vic-3163-20646092
2031,https://www.onthehouse.com.au/property/vic/carnegie-3163/8-hunter-st-carnegie-vic-3163-9702530
2034,https://www.onthehouse.com.au/property/vic/carnegie-3163/2-15-milton-st-carnegie-vic-3163-7390644
2037,https://www.onthehouse.com.au/property/vic/carnegie-3163/7-28-moonya-rd-carnegie-vic-3163-6497100
2040,https://www.onthehouse.com.au/property/vic/carnegie-3163/6-15-truganini-rd-carnegie-vic-3163-11124839
2043,https://www.onthehouse.com.au/property/vic/carnegie-3163/201-16-woorayl-st-carnegie-vic-3163-20966180
2046,https://www.onthehouse.com.au/property/vic/carnegie-3163/33-tranmere-ave-carnegie-vic-3163-7203041
2049,https://www.onthehouse.com.au/property/vic/carnegie-3163/110-247-neerim-rd-carnegie-vic-3163-20020449
2052,https://www.onthehouse.com.au/property/vic/carnegie-3163/1b-oakleigh-rd-carnegie-vic-3163-18644090
2055,https://www.onthehouse.com.au/property/vic/carnegie-3163/9-316-neerim-rd-carnegie-vic-3163-20616285
2058,https://www.onthehouse.com.au/property/vic/carnegie-3163/1-97-oakleigh-rd-carnegie-vic-3163-7521868
2061,https://www.onthehouse.com.au/property/vic/carnegie-3163/30-leila-rd-carnegie-vic-3163-9301371
2064,https://www.onthehouse.com.au/property/vic/carnegie-3163/14-54--56-railway-rd-carnegie-vic-3163-10958459
2067,https://www.onthehouse.com.au/property/vic/carnegie-3163/3-8-kokaribb-rd-carnegie-vic-3163-7301542
2070,https://www.onthehouse.com.au/property/vic/carnegie-3163/313-285-neerim-rd-carnegie-vic-3163-41760617
2073,https://www.onthehouse.com.au/property/vic/carnegie-3163/6-17-shepparson-ave-carnegie-vic-3163-12136821
2076,https://www.onthehouse.com.au/property/vic/carnegie-3163/708-1060-dandenong-rd-carnegie-vic-3163-40089182
2079,https://www.onthehouse.com.au/property/vic/carnegie-3163/3-10--12-moonya-rd-carnegie-vic-3163-12997537
2082,https://www.onthehouse.com.au/property/vic/carnegie-3163/7-55a-coorigil-rd-carnegie-vic-3163-6496887
2085,https://www.onthehouse.com.au/property/vic/carnegie-3163/8-17-elliott-ave-carnegie-vic-3163-20534075
2160,https://www.onthehouse.com.au/property/vic/carnegie-3163/10-1170-dandenong-rd-carnegie-vic-3163-20991453
2163,https://www.onthehouse.com.au/property/vic/carnegie-3163/202-276-neerim-rd-carnegie-vic-3163-19519749
2166,https://www.onthehouse.com.au/property/vic/carnegie-3163/501-180-koornang-rd-carnegie-vic-3163-20560339
2169,https://www.onthehouse.com.au/property/vic/carnegie-3163/304-1256-glen-huntly-rd-carnegie-vic-3163-42168532
2172,https://www.onthehouse.com.au/property/vic/carnegie-3163/1-4-rigby-ave-carnegie-vic-3163-6497893
2175,https://www.onthehouse.com.au/property/vic/carnegie-3163/lot-9-rigby-ave-carnegie-vic-3163-40928460
2178,https://www.onthehouse.com.au/property/vic/carnegie-3163/1-1170-dandenong-rd-carnegie-vic-3163-39045881
2181,https://www.onthehouse.com.au/property/vic/carnegie-3163/8-13-rosstown-rd-carnegie-vic-3163-15945807
2184,https://www.onthehouse.com.au/property/vic/carnegie-3163/2-17-elliott-ave-carnegie-vic-3163-20549350
2187,https://www.onthehouse.com.au/property/vic/carnegie-3163/210-17-elliott-ave-carnegie-vic-3163-20559198
2190,https://www.onthehouse.com.au/property/vic/carnegie-3163/2-9-acacia-st-carnegie-vic-3163-7189208
2193,https://www.onthehouse.com.au/property/vic/carnegie-3163/105-16-woorayl-st-carnegie-vic-3163-20958261
2196,https://www.onthehouse.com.au/property/vic/carnegie-3163/lot-14-acacia-st-carnegie-vic-3163-40465957
2199,https://www.onthehouse.com.au/property/vic/carnegie-3163/611-16-woorayl-st-carnegie-vic-3163-20967730
2202,https://www.onthehouse.com.au/property/vic/carnegie-3163/4-20-emily-st-carnegie-vic-3163-7523766
2205,https://www.onthehouse.com.au/property/vic/carnegie-3163/209-276-neerim-rd-carnegie-vic-3163-19523842
2208,https://www.onthehouse.com.au/property/vic/carnegie-3163/211-16-woorayl-st-carnegie-vic-3163-20962810
2211,https://www.onthehouse.com.au/property/vic/carnegie-3163/1008-1060-dandenong-rd-carnegie-vic-3163-38978191
2214,https://www.onthehouse.com.au/property/vic/carnegie-3163/7-10-rosstown-rd-carnegie-vic-3163-7191324
2217,https://www.onthehouse.com.au/property/vic/carnegie-3163/110-9-morton-ave-carnegie-vic-3163-5835348
2220,https://www.onthehouse.com.au/property/vic/carnegie-3163/3-41-coorigil-rd-carnegie-vic-3163-6307065
2223,https://www.onthehouse.com.au/property/vic/carnegie-3163/4-38-moonya-rd-carnegie-vic-3163-7344088
2226,https://www.onthehouse.com.au/property/vic/carnegie-3163/5-24-margaret-st-carnegie-vic-3163-7610857
2229,https://www.onthehouse.com.au/property/vic/carnegie-3163/lot-19-margaret-st-carnegie-vic-3163-40519868
2304,https://www.onthehouse.com.au/property/vic/carnegie-3163/2-10--12-moonya-rd-carnegie-vic-3163-13039978
2307,https://www.onthehouse.com.au/property/vic/carnegie-3163/517-1060-dandenong-rd-carnegie-vic-3163-39920208
2310,https://www.onthehouse.com.au/property/vic/carnegie-3163/5-1316-glen-huntly-rd-carnegie-vic-3163-9566046
2313,https://www.onthehouse.com.au/property/vic/carnegie-3163/6-54-coorigil-rd-carnegie-vic-3163-7343484
2316,https://www.onthehouse.com.au/property/vic/carnegie-3163/170-koornang-rd-carnegie-vic-3163-7444313
2319,https://www.onthehouse.com.au/property/vic/carnegie-3163/504-2-morton-ave-carnegie-vic-3163-19514763
2322,https://www.onthehouse.com.au/property/vic/carnegie-3163/315-9-morton-ave-carnegie-vic-3163-15856394
2325,https://www.onthehouse.com.au/property/vic/carnegie-3163/3-35-rosstown-rd-carnegie-vic-3163-6496652
2328,https://www.onthehouse.com.au/property/vic/carnegie-3163/610-16-woorayl-st-carnegie-vic-3163-20967729
2331,https://www.onthehouse.com.au/property/vic/carnegie-3163/7-moira-ave-carnegie-vic-3163-8333328
2334,https://www.onthehouse.com.au/property/vic/carnegie-3163/9-55-blackwood-st-carnegie-vic-3163-7210040
2337,https://www.onthehouse.com.au/property/vic/carnegie-3163/214-285-neerim-rd-carnegie-vic-3163-41759766
2340,https://www.onthehouse.com.au/property/vic/carnegie-3163/20-truganini-rd-carnegie-vic-3163-8333306
2343,https://www.onthehouse.com.au/property/vic/carnegie-3163/5-1265-glen-huntly-rd-carnegie-vic-3163-6261518
2346,https://www.onthehouse.com.au/property/vic/carnegie-3163/10-5-gnarwyn-rd-carnegie-vic-3163-7185255
2349,https://www.onthehouse.com.au/property/vic/carnegie-3163/26-walnut-st-carnegie-vic-3163-9289934
2352,https://www.onthehouse.com.au/property/vic/carnegie-3163/1-34--36-mernda-ave-carnegie-vic-3163-19232140
2355,https://www.onthehouse.com.au/property/vic/carnegie-3163/14-15-truganini-rd-carnegie-vic-3163-5615554
2358,https://www.onthehouse.com.au/property/vic/carnegie-3163/4-12-arawatta-st-carnegie-vic-3163-19513954
2361,https://www.onthehouse.com.au/property/vic/carnegie-3163/1-1261-glen-huntly-rd-carnegie-vic-3163-6070167
2364,https://www.onthehouse.com.au/property/vic/carnegie-3163/1-beena-ave-carnegie-vic-3163-7602732
2367,https://www.onthehouse.com.au/property/vic/carnegie-3163/lot-26-gnarwyn-rd-carnegie-vic-3163-40616135
2370,https://www.onthehouse.com.au/property/vic/carnegie-3163/1-177-oakleigh-rd-carnegie-vic-3163-6497664
2373,https://www.onthehouse.com.au/property/vic/carnegie-3163/505-1242-glen-huntly-rd-carnegie-vic-3163-39904606
2448,https://www.onthehouse.com.au/property/vic/carnegie-3163/11-10--12-woorayl-st-carnegie-vic-3163-6496524
2451,https://www.onthehouse.com.au/property/vic/carnegie-3163/5-20-emily-st-carnegie-vic-3163-11148064
2454,https://www.onthehouse.com.au/property/vic/carnegie-3163/lot-13-emily-st-carnegie-vic-3163-40453280
2457,https://www.onthehouse.com.au/property/vic/carnegie-3163/209-3-elliott-ave-carnegie-vic-3163-20559465
2460,https://www.onthehouse.com.au/property/vic/carnegie-3163/5-longstaff-st-carnegie-vic-3163-6497383
2463,https://www.onthehouse.com.au/property/vic/carnegie-3163/2-12-st-huberts-rd-carnegie-vic-3163-7173476
2466,https://www.onthehouse.com.au/property/vic/carnegie-3163/1-vine-gr-carnegie-vic-3163-7226154
2469,https://www.onthehouse.com.au/property/vic/carnegie-3163/6-10-st-huberts-rd-carnegie-vic-3163-7186159
2472,https://www.onthehouse.com.au/property/vic/carnegie-3163/35-morgan-st-carnegie-vic-3163-7912955
2475,https://www.onthehouse.com.au/property/vic/carnegie-3163/8-67-coorigil-rd-carnegie-vic-3163-7256249
2478,https://www.onthehouse.com.au/property/vic/carnegie-3163/10-10--12-moonya-rd-carnegie-vic-3163-13121457
2481,https://www.onthehouse.com.au/property/vic/carnegie-3163/1311a-glen-huntly-rd-carnegie-vic-3163-39138981
2484,https://www.onthehouse.com.au/property/vic/carnegie-3163/lot-18-st-huberts-rd-carnegie-vic-3163-40512346
2487,https://www.onthehouse.com.au/property/vic/carnegie-3163/lot-16-st-huberts-rd-carnegie-vic-3163-40493453
2490,https://www.onthehouse.com.au/property/vic/carnegie-3163/201-276-neerim-rd-carnegie-vic-3163-19523427
2493,https://www.onthehouse.com.au/property/vic/carnegie-3163/1-37-moonya-rd-carnegie-vic-3163-8018435
2496,https://www.onthehouse.com.au/property/vic/carnegie-3163/303-9-belsize-ave-carnegie-vic-3163-39618142
2499,https://www.onthehouse.com.au/property/vic/carnegie-3163/68b-tranmere-ave-carnegie-vic-3163-20603713
2502,https://www.onthehouse.com.au/property/vic/carnegie-3163/68a-tranmere-ave-carnegie-vic-3163-20603525
2505,https://www.onthehouse.com.au/property/vic/carnegie-3163/14-314-neerim-rd-carnegie-vic-3163-6023696
2508,https://www.onthehouse.com.au/property/vic/carnegie-3163/124-1242-glen-huntly-rd-carnegie-vic-3163-39105568
2511,https://www.onthehouse.com.au/property/vic/carnegie-3163/103-1256-glen-huntly-rd-carnegie-vic-3163-42166215
2514,https://www.onthehouse.com.au/property/vic/carnegie-3163/209-1298-glen-huntly-rd-carnegie-vic-3163-20865089
2517,https://www.onthehouse.com.au/property/vic/carnegie-3163/108-9-belsize-ave-carnegie-vic-3163-39014459
2592,https://www.onthehouse.com.au/property/vic/carnegie-3163/2-70-truganini-rd-carnegie-vic-3163-6070092
2595,https://www.onthehouse.com.au/property/vic/carnegie-3163/106-9-belsize-ave-carnegie-vic-3163-39008346
2598,https://www.onthehouse.com.au/property/vic/carnegie-3163/4-29-jersey-pde-carnegie-vic-3163-41634045
2601,https://www.onthehouse.com.au/property/vic/carnegie-3163/5-10-anzac-st-carnegie-vic-3163-20797798
2604,https://www.onthehouse.com.au/property/vic/carnegie-3163/5-24-woorayl-st-carnegie-vic-3163-6496642
2607,https://www.onthehouse.com.au/property/vic/carnegie-3163/3-43-mimosa-rd-carnegie-vic-3163-7984680
2610,https://www.onthehouse.com.au/property/vic/carnegie-3163/5-17-elliott-ave-carnegie-vic-3163-20531878
2613,https://www.onthehouse.com.au/property/vic/carnegie-3163/3-12-kooringa-rd-carnegie-vic-3163-5885638
2616,https://www.onthehouse.com.au/property/vic/carnegie-3163/1-58-rosstown-rd-carnegie-vic-3163-6496745
2619,https://www.onthehouse.com.au/property/vic/carnegie-3163/382-koornang-rd-carnegie-vic-3163-7713102
2622,https://www.onthehouse.com.au/property/vic/carnegie-3163/3-29-gnarwyn-rd-carnegie-vic-3163-7521321
2625,https://www.onthehouse.com.au/property/vic/carnegie-3163/302-323-neerim-rd-carnegie-vic-3163-20718109
2628,https://www.onthehouse.com.au/property/vic/carnegie-3163/2-40-neville-st-carnegie-vic-3163-6023708
2631,https://www.onthehouse.com.au/property/vic/carnegie-3163/22-oakdene-cres-carnegie-vic-3163-7137011
2634,https://www.onthehouse.com.au/property/vic/carnegie-3163/1032-dandenong-rd-carnegie-vic-3163-6496888
2637,https://www.onthehouse.com.au/property/vic/carnegie-3163/6-148-grange-rd-carnegie-vic-3163-10249981
2640,https://www.onthehouse.com.au/property/vic/carnegie-3163/148-grange-rd-carnegie-vic-3163-39191496
2643,https://www.onthehouse.com.au/property/vic/carnegie-3163/4-70-grange-rd-carnegie-vic-3163-19385426
2646,https://www.onthehouse.com.au/property/vic/carnegie-3163/404-koornang-rd-carnegie-vic-3163-39782348
2649,https://www.onthehouse.com.au/property/vic/carnegie-3163/5-9-belsize-ave-carnegie-vic-3163-39977087
2652,https://www.onthehouse.com.au/property/vic/carnegie-3163/8c-yendon-rd-carnegie-vic-3163-9431996
2655,https://www.onthehouse.com.au/property/vic/carnegie-3163/5-1229--1231-glen-huntly-rd-carnegie-vic-3163-16174212
2658,https://www.onthehouse.com.au/property/vic/carnegie-3163/111-112-mimosa-rd-carnegie-vic-3163-20308377
2661,https://www.onthehouse.com.au/property/vic/carnegie-3163/117-9-morton-ave-carnegie-vic-3163-16041232
2736,https://www.onthehouse.com.au/property/vic/carnegie-3163/36-lyons-st-carnegie-vic-3163-6261613
2739,https://www.onthehouse.com.au/property/vic/carnegie-3163/202-93-truganini-rd-carnegie-vic-3163-20654644
2742,https://www.onthehouse.com.au/property/vic/carnegie-3163/409-1242-glen-huntly-rd-carnegie-vic-3163-39786763
2745,https://www.onthehouse.com.au/property/vic/carnegie-3163/1-1150-dandenong-rd-carnegie-vic-3163-7241797
2748,https://www.onthehouse.com.au/property/vic/carnegie-3163/10-46--48-coorigil-rd-carnegie-vic-3163-16170572
2751,https://www.onthehouse.com.au/property/vic/carnegie-3163/4-4-lake-st-carnegie-vic-3163-42254023
2754,https://www.onthehouse.com.au/property/vic/carnegie-3163/5-38-shepparson-ave-carnegie-vic-3163-6496980
2757,https://www.onthehouse.com.au/property/vic/carnegie-3163/3-1a-kokaribb-rd-carnegie-vic-3163-10677937
2760,https://www.onthehouse.com.au/property/vic/carnegie-3163/702-1060-dandenong-rd-carnegie-vic-3163-40084446
2763,https://www.onthehouse.com.au/property/vic/carnegie-3163/lot-13-shepparson-ave-carnegie-vic-3163-40455810
2766,https://www.onthehouse.com.au/property/vic/carnegie-3163/5-56-coorigil-rd-carnegie-vic-3163-7120453
2769,https://www.onthehouse.com.au/property/vic/carnegie-3163/201-253-neerim-rd-carnegie-vic-3163-20989289
2772,https://www.onthehouse.com.au/property/vic/carnegie-3163/5-72-moonya-rd-carnegie-vic-3163-7807983
2775,https://www.onthehouse.com.au/property/vic/carnegie-3163/3-31-madden-ave-carnegie-vic-3163-6497224
2778,https://www.onthehouse.com.au/property/vic/carnegie-3163/1-23-rosstown-rd-carnegie-vic-3163-10018592
2781,https://www.onthehouse.com.au/property/vic/carnegie-3163/lot-10-madden-ave-carnegie-vic-3163-40393702
2784,https://www.onthehouse.com.au/property/vic/carnegie-3163/4-6-parton-ct-carnegie-vic-3163-7388595
2787,https://www.onthehouse.com.au/property/vic/carnegie-3163/4-91-truganini-rd-carnegie-vic-3163-7388789
2790,https://www.onthehouse.com.au/property/vic/carnegie-3163/3-23-toolambool-rd-carnegie-vic-3163-20361712
2793,https://www.onthehouse.com.au/property/vic/carnegie-3163/2-32-mimosa-rd-carnegie-vic-3163-10707397
2796,https://www.onthehouse.com.au/property/vic/carnegie-3163/11-62--64-truganini-rd-carnegie-vic-3163-6497548
2799,https://www.onthehouse.com.au/property/vic/carnegie-3163/5a-yendon-rd-carnegie-vic-3163-7291035
2802,https://www.onthehouse.com.au/property/vic/carnegie-3163/1-26-coorigil-rd-carnegie-vic-3163-7307408
2805,https://www.onthehouse.com.au/property/vic/carnegie-3163/2-6-mernda-ave-carnegie-vic-3163-7260281
2880,https://www.onthehouse.com.au/property/vic/carnegie-3163/202-1242-glen-huntly-rd-carnegie-vic-3163-39375456
2883,https://www.onthehouse.com.au/property/vic/carnegie-3163/202-285-neerim-rd-carnegie-vic-3163-41759606
2886,https://www.onthehouse.com.au/property/vic/carnegie-3163/7-27-elliott-ave-carnegie-vic-3163-6496221
2889,https://www.onthehouse.com.au/property/vic/carnegie-3163/lot-10-elliott-ave-carnegie-vic-3163-40392071
2892,https://www.onthehouse.com.au/property/vic/carnegie-3163/4-1242-glen-huntly-rd-carnegie-vic-3163-39796513
2895,https://www.onthehouse.com.au/property/vic/carnegie-3163/204-389-neerim-rd-carnegie-vic-3163-19700679
2898,https://www.onthehouse.com.au/property/vic/carnegie-3163/3-62-moonya-rd-carnegie-vic-3163-6497604
2901,https://www.onthehouse.com.au/property/vic/carnegie-3163/lot-8-moonya-rd-carnegie-vic-3163-40904363
2904,https://www.onthehouse.com.au/property/vic/carnegie-3163/244a-grange-rd-carnegie-vic-3163-7783922
2907,https://www.onthehouse.com.au/property/vic/carnegie-3163/2-10-newman-ave-carnegie-vic-3163-7779976
2910,https://www.onthehouse.com.au/property/vic/carnegie-3163/5-23-toolambool-rd-carnegie-vic-3163-41931351
2913,https://www.onthehouse.com.au/property/vic/carnegie-3163/33a-woornack-rd-carnegie-vic-3163-19179751
2916,https://www.onthehouse.com.au/property/vic/carnegie-3163/4-54-coorigil-rd-carnegie-vic-3163-7114274
2919,https://www.onthehouse.com.au/property/vic/carnegie-3163/5-316-neerim-rd-carnegie-vic-3163-20614972
2922,https://www.onthehouse.com.au/property/vic/carnegie-3163/1-14-coorigil-rd-carnegie-vic-3163-6023724
2925,https://www.onthehouse.com.au/property/vic/carnegie-3163/52a-woornack-rd-carnegie-vic-3163-7545265
2928,https://www.onthehouse.com.au/property/vic/carnegie-3163/3-58-mimosa-rd-carnegie-vic-3163-7592307
2931,https://www.onthehouse.com.au/property/vic/carnegie-3163/9-10--12-moonya-rd-carnegie-vic-3163-12891380
2934,https://www.onthehouse.com.au/property/vic/carnegie-3163/5-libna-st-carnegie-vic-3163-7436086
2937,https://www.onthehouse.com.au/property/vic/carnegie-3163/25-mcpherson-ave-carnegie-vic-3163-7522028
2940,https://www.onthehouse.com.au/property/vic/carnegie-3163/145-leila-rd-carnegie-vic-3163-11145398
2943,https://www.onthehouse.com.au/property/vic/carnegie-3163/37a-belsize-ave-carnegie-vic-3163-18859928
2946,https://www.onthehouse.com.au/property/vic/carnegie-3163/302-112-mimosa-rd-carnegie-vic-3163-20332674
2949,https://www.onthehouse.com.au/property/vic/carnegie-3163/48b-miller-st-carnegie-vic-3163-7204965
3024,https://www.onthehouse.com.au/property/vic/carnegie-3163/101-247-neerim-rd-carnegie-vic-3163-20020439
3027,https://www.onthehouse.com.au/property/vic/carnegie-3163/19-225-koornang-rd-carnegie-vic-3163-10853775
3030,https://www.onthehouse.com.au/property/vic/carnegie-3163/4-32-woornack-rd-carnegie-vic-3163-7605562
3033,https://www.onthehouse.com.au/property/vic/carnegie-3163/15-mclaurin-rd-carnegie-vic-3163-9608582
3036,https://www.onthehouse.com.au/property/vic/carnegie-3163/2-93-oakleigh-rd-carnegie-vic-3163-9504133
3039,https://www.onthehouse.com.au/property/vic/carnegie-3163/3-11-rigby-ave-carnegie-vic-3163-42500412
3042,https://www.onthehouse.com.au/property/vic/carnegie-3163/63-koornang-rd-carnegie-vic-3163-8242669
3045,https://www.onthehouse.com.au/property/vic/carnegie-3163/21a-koornang-rd-carnegie-vic-3163-7444368
3048,https://www.onthehouse.com.au/property/vic/carnegie-3163/21b-koornang-rd-carnegie-vic-3163-7444308
3051,https://www.onthehouse.com.au/property/vic/carnegie-3163/2-5-tranmere-ave-carnegie-vic-3163-39524371
3054,https://www.onthehouse.com.au/property/vic/carnegie-3163/4-50-tranmere-ave-carnegie-vic-3163-7438385
3057,https://www.onthehouse.com.au/property/vic/carnegie-3163/2-21-belsize-ave-carnegie-vic-3163-8029807
3060,https://www.onthehouse.com.au/property/vic/carnegie-3163/1042a-dandenong-rd-carnegie-vic-3163-9824318
3063,https://www.onthehouse.com.au/property/vic/carnegie-3163/7-31-tranmere-ave-carnegie-vic-3163-7155332
3066,https://www.onthehouse.com.au/property/vic/carnegie-3163/3-2--4-moonya-rd-carnegie-vic-3163-7586916
3069,https://www.onthehouse.com.au/property/vic/carnegie-3163/4-30-moonya-rd-carnegie-vic-3163-6497736
3072,https://www.onthehouse.com.au/property/vic/carnegie-3163/4-15--17-moonya-rd-carnegie-vic-3163-16174305
3075,https://www.onthehouse.com.au/property/vic/carnegie-3163/902-1060-dandenong-rd-carnegie-vic-3163-40212569
3078,https://www.onthehouse.com.au/property/vic/carnegie-3163/2-31-tranmere-ave-carnegie-vic-3163-7216840
3081,https://www.onthehouse.com.au/property/vic/carnegie-3163/8-87-coorigil-rd-carnegie-vic-3163-7907281
3084,https://www.onthehouse.com.au/property/vic/carnegie-3163/1-7-vine-gr-carnegie-vic-3163-7289912
3087,https://www.onthehouse.com.au/property/vic/carnegie-3163/16-24-woorayl-st-carnegie-vic-3163-10777178
3090,https://www.onthehouse.com.au/property/vic/carnegie-3163/224-1242-glen-huntly-rd-carnegie-vic-3163-39446464
3093,https://www.onthehouse.com.au/property/vic/carnegie-3163/2-122--124-mimosa-rd-carnegie-vic-3163-10933816
